ภาค,จังหวัด,แบบการบริหาร,จำนวนแพทย์,สัดส่วนประชากรต่อแพทย์,จำนวนทันตแพทย์,สัดส่วนประชากรต่อทันตแพทย์,จำนวนเภสัชกร,สัดส่วนประชากรต่อเภสัชกร,จำนวนพยาบาลวิชาชีพ,สัดส่วนประชากรต่อพยาบาลวิชาชีพ,จำนวนพยาบาลเทคนิค,สัดส่วนประชากรต่อพยาบาลเทคนิค,จำนวนสถานพยาบาล,จำนวนเตียง
กรุงเทพมหานคร,กรุงเทพมหานคร,รวม,9273,601,1036,5381,2640,2112,33204,168,4752,1173,119,28275
กรุงเทพมหานคร,กรุงเทพมหานคร,รัฐบาล,3902,1429,366,15233,1055,5284,14092,396,2452,2274,29,12221
กรุงเทพมหานคร,กรุงเทพมหานคร,องค์กรอิสระ,295,18899,194,28738,129,43218,2292,2432,1188,4693,3,1529
กรุงเทพมหานคร,กรุงเทพมหานคร,เอกชน,3824,1458,212,26298,1077,5177,11690,477,341,16349,78,11663
กรุงเทพมหานคร,กรุงเทพมหานคร,องค์การบริหารส่วนท้องถิ่น,1252,4453,264,21118,379,14710,5130,1087,771,7231,9,2862
ภาคกลาง,สมุทรปราการ,รวม,583,2231,84,15486,247,5267,2219,586,36,36134,8,640
ภาคกลาง,สมุทรปราการ,รัฐบาล,277,4696,58,22428,115,11312,1138,1143,30,43361,6,891
ภาคกลาง,สมุทรปราการ,องค์กรอิสระ,0,0,0,0,0,0,0,0,0,0,0,0
ภาคกลาง,สมุทรปราการ,เอกชน,305,4265,25,52033,130,10006,1070,1216,5,260166,1,100
ภาคกลาง,สมุทรปราการ,องค์การบริหารส่วนท้องถิ่น,1,1300830,1,1300830,2,650415,11,118257,1,1300830,0,0
ภาคกลาง,นนทบุรี,รวม,682,1802,155,7927,236,5206,2923,420,25,49146,8,912
ภาคกลาง,นนทบุรี,รัฐบาล,490,2507,132,9308,180,6826,2438,504,23,53420,11,1232
ภาคกลาง,นนทบุรี,องค์กรอิสระ,53,23182,6,204775,11,111695,0,0,0,0,0,0
ภาคกลาง,นนทบุรี,เอกชน,137,8968,13,94511,44,27924,449,2736,2,614325,0,0
ภาคกลาง,นนทบุรี,องค์การบริหารส่วนท้องถิ่น,2,614325,4,307162,1,1228649,36,34129,0,0,0,0
ภาคกลาง,ปทุมธานี,รวม,805,1402,110,10264,210,5376,2213,510,20,56450,14,2879
ภาคกลาง,ปทุมธานี,รัฐบาล,648,1742,101,11178,151,7477,1629,693,14,80643,9,945
ภาคกลาง,ปทุมธานี,องค์กรอิสระ,0,0,0,0,0,0,0,0,0,0,0,0
ภาคกลาง,ปทุมธานี,เอกชน,155,7284,7,161287,57,19807,548,2060,3,376335,4,678
ภาคกลาง,ปทุมธานี,องค์การบริหารส่วนท้องถิ่น,2,564503,2,564503,2,564503,36,31361,3,376335,0,0
ภาคกลาง,พระนครศรีอยุธยา,รวม,296,2749,79,10299,156,5216,1583,514,18,45201,21,3012
ภาคกลาง,พระนครศรีอยุธยา,รัฐบาล,278,2927,75,10848,131,6211,1437,566,14,58116,18,1747
ภาคกลาง,พระนครศรีอยุธยา,องค์กรอิสระ,0,0,0,0,0,0,0,0,0,0,0,0
ภาคกลาง,พระนครศรีอยุธยา,เอกชน,18,45201,4,203406,25,32545,145,5611,4,203406,9,938
ภาคกลาง,พระนครศรีอยุธยา,องค์การบริหารส่วนท้องถิ่น,0,0,0,0,0,0,1,813622,0,0,0,0
ภาคกลาง,อ่างทอง,รวม,110,2551,34,8254,64,4385,708,396,9,31180,7,651
ภาคกลาง,อ่างทอง,รัฐบาล,101,2778,34,8254,61,4600,693,405,8,35078,7,696
ภาคกลาง,อ่างทอง,องค์กรอิสระ,0,0,0,0,0,0,0,0,0,0,0,0
ภาคกลาง,อ่างทอง,เอกชน,6,46770,0,0,2,140311,10,28062,1,280621,1,60
ภาคกลาง,อ่างทอง,องค์การบริหารส่วนท้องถิ่น,3,93540,0,0,1,280621,5,56124,0,0,0,0
ภาคกลาง,ลพบุรี,รวม,321,2357,72,10510,146,5183,1621,467,22,34396,14,1860
ภาคกลาง,ลพบุรี,รัฐบาล,304,2489,72,10510,142,5329,1584,478,19,39827,12,1642
ภาคกลาง,ลพบุรี,องค์กรอิสระ,0,0,0,0,0,0,0,0,0,0,0,0
ภาคกลาง,ลพบุรี,เอกชน,17,44512,0,0,4,189178,27,28026,0,0,1,57
ภาคกลาง,ลพบุรี,องค์การบริหารส่วนท้องถิ่น,0,0,0,0,0,0,10,75671,3,252237,0,0
ภาคกลาง,สิงห์บุรี,รวม,96,2182,35,5984,49,4274,742,282,7,29921,15,1504
ภาคกลาง,สิงห์บุรี,รัฐบาล,90,2327,35,5984,47,4456,732,286,7,29921,7,642
ภาคกลาง,สิงห์บุรี,องค์กรอิสระ,0,0,0,0,0,0,0,0,0,0,0,0
ภาคกลาง,สิงห์บุรี,เอกชน,6,34907,0,0,2,104722,9,23272,0,0,1,110
ภาคกลาง,สิงห์บุรี,องค์การบริหารส่วนท้องถิ่น,0,0,0,0,0,0,1,209444,0,0,0,0
ภาคกลาง,ชัยนาท,รวม,129,2548,46,7145,68,4833,774,425,3,109549,15,991
ภาคกลาง,ชัยนาท,รัฐบาล,120,2739,46,7145,63,5217,749,439,3,109549,9,546
ภาคกลาง,ชัยนาท,องค์กรอิสระ,0,0,0,0,0,0,0,0,0,0,0,0
ภาคกลาง,ชัยนาท,เอกชน,9,36516,0,0,4,82162,22,14939,0,0,2,60
ภาคกลาง,ชัยนาท,องค์การบริหารส่วนท้องถิ่น,0,0,0,0,1,328648,3,109549,0,0,0,0
ภาคกลาง,สระบุรี,รวม,406,1570,82,7771,146,4365,1788,356,46,13853,20,1566
ภาคกลาง,สระบุรี,รัฐบาล,353,1805,79,8066,130,4902,1681,379,37,17222,12,1435
ภาคกลาง,สระบุรี,องค์กรอิสระ,0,0,0,0,0,0,0,0,0,0,0,0
ภาคกลาง,สระบุรี,เอกชน,53,12023,3,212408,16,39826,95,6708,4,159306,4,447
ภาคกลาง,สระบุรี,องค์การบริหารส่วนท้องถิ่น,0,0,0,0,0,0,12,53102,5,127445,0,0
ภาคกลาง,ชลบุรี,รวม,1235,1217,161,9339,331,4542,4534,332,114,13189,14,1561
ภาคกลาง,ชลบุรี,รัฐบาล,756,1989,132,11391,255,5896,3398,442,108,13922,13,1770
ภาคกลาง,ชลบุรี,องค์กรอิสระ,0,0,0,0,0,0,0,0,0,0,0,0
ภาคกลาง,ชลบุรี,เอกชน,470,3199,26,57829,72,20883,1082,1390,3,501188,4,365
ภาคกลาง,ชลบุรี,องค์การบริหารส่วนท้องถิ่น,9,167063,3,501188,4,375891,54,27844,3,501188,0,0
ภาคกลาง,ระยอง,รวม,364,1953,63,11283,148,4803,1841,386,19,37411,12,1037
ภาคกลาง,ระยอง,รัฐบาล,246,2889,56,12693,121,5874,1382,514,18,39490,10,1234
ภาคกลาง,ระยอง,องค์กรอิสระ,0,0,0,0,0,0,0,0,0,0,1,40
ภาคกลาง,ระยอง,เอกชน,117,6075,5,142162,24,29617,434,1638,1,710811,0,0
ภาคกลาง,ระยอง,องค์การบริหารส่วนท้องถิ่น,1,710811,2,355406,3,236937,25,28432,0,0,0,0
ภาคกลาง,จันทบุรี,รวม,363,1467,78,6827,126,4226,1688,315,20,26626,8,909
ภาคกลาง,จันทบุรี,รัฐบาล,303,1758,73,7295,103,5170,1350,394,18,29585,13,1203
ภาคกลาง,จันทบุรี,องค์กรอิสระ,0,0,0,0,0,0,0,0,0,0,0,0
ภาคกลาง,จันทบุรี,เอกชน,60,8875,5,106505,23,23153,331,1609,0,0,0,0
ภาคกลาง,จันทบุรี,องค์การบริหารส่วนท้องถิ่น,0,0,0,0,0,0,7,76075,2,266263,0,0
ภาคกลาง,ตราด,รวม,111,1980,37,5941,58,3790,701,314,14,15701,32,3326
ภาคกลาง,ตราด,รัฐบาล,85,2586,37,5941,51,4310,617,356,13,16909,10,555
ภาคกลาง,ตราด,องค์กรอิสระ,0,0,0,0,0,0,0,0,0,0,0,0
ภาคกลาง,ตราด,เอกชน,26,8455,0,0,7,31403,83,2648,1,219819,21,1889
ภาคกลาง,ตราด,องค์การบริหารส่วนท้องถิ่น,0,0,0,0,0,0,1,219819,0,0,0,0
ภาคกลาง,ฉะเชิงเทรา,รวม,341,2079,81,8752,122,5811,1347,526,13,54530,14,1423
ภาคกลาง,ฉะเชิงเทรา,รัฐบาล,294,2411,78,9088,109,6504,1215,583,13,54530,11,1194
ภาคกลาง,ฉะเชิงเทรา,องค์กรอิสระ,0,0,0,0,0,0,0,0,0,0,0,0
ภาคกลาง,ฉะเชิงเทรา,เอกชน,47,15083,3,236298,13,54530,122,5811,0,0,2,257
ภาคกลาง,ฉะเชิงเทรา,องค์การบริหารส่วนท้องถิ่น,0,0,0,0,0,0,10,70889,0,0,0,0
ภาคกลาง,ปราจีนบุรี,รวม,229,2134,51,9584,90,5431,1059,462,12,40733,13,1407
ภาคกลาง,ปราจีนบุรี,รัฐบาล,226,2163,51,9584,89,5492,1052,465,10,48879,7,947
ภาคกลาง,ปราจีนบุรี,องค์กรอิสระ,0,0,0,0,0,0,0,0,0,0,0,0
ภาคกลาง,ปราจีนบุรี,เอกชน,2,244395,0,0,1,488790,3,162930,2,244395,2,200
ภาคกลาง,ปราจีนบุรี,องค์การบริหารส่วนท้องถิ่น,1,488790,0,0,0,0,4,122198,0,0,0,0
ภาคกลาง,นครนายก,รวม,223,1160,52,4974,74,3496,984,263,19,13614,8,683
ภาคกลาง,นครนายก,รัฐบาล,223,1160,51,5072,74,3496,982,263,18,14371,4,427
ภาคกลาง,นครนายก,องค์กรอิสระ,0,0,0,0,0,0,0,0,0,0,0,0
ภาคกลาง,นครนายก,เอกชน,0,0,0,0,0,0,0,0,0,0,1,59
ภาคกลาง,นครนายก,องค์การบริหารส่วนท้องถิ่น,0,0,1,258673,0,0,2,129337,1,258673,0,0
ภาคกลาง,สระแก้ว,รวม,171,3273,67,8353,88,6360,854,655,25,22386,18,3100
ภาคกลาง,สระแก้ว,รัฐบาล,171,3273,67,8353,88,6360,850,658,25,22386,14,1577
ภาคกลาง,สระแก้ว,องค์กรอิสระ,0,0,0,0,0,0,0,0,0,0,1,450
ภาคกลาง,สระแก้ว,เอกชน,0,0,0,0,0,0,0,0,0,0,0,0
ภาคกลาง,สระแก้ว,องค์การบริหารส่วนท้องถิ่น,0,0,0,0,0,0,4,139910,0,0,0,0
ภาคกลาง,ราชบุรี,รวม,443,1913,103,8227,170,4984,2161,392,26,32590,10,1145
ภาคกลาง,ราชบุรี,รัฐบาล,398,2129,102,8307,156,5432,2023,419,18,47075,12,2217
ภาคกลาง,ราชบุรี,องค์กรอิสระ,0,0,0,0,0,0,0,0,0,0,0,0
ภาคกลาง,ราชบุรี,เอกชน,45,18830,0,0,14,60525,120,7061,6,141225,1,59
ภาคกลาง,ราชบุรี,องค์การบริหารส่วนท้องถิ่น,0,0,1,847350,0,0,18,47075,2,423675,0,0
ภาคกลาง,กาญจนบุรี,รวม,296,2754,87,9370,133,6129,1487,548,18,45288,17,1339
ภาคกลาง,กาญจนบุรี,รัฐบาล,283,2880,87,9370,126,6470,1424,572,15,54345,16,1466
ภาคกลาง,กาญจนบุรี,องค์กรอิสระ,0,0,0,0,0,0,0,0,0,0,0,0
ภาคกลาง,กาญจนบุรี,เอกชน,13,62706,0,0,6,135863,54,15096,3,271726,1,60
ภาคกลาง,กาญจนบุรี,องค์การบริหารส่วนท้องถิ่น,0,0,0,0,1,815178,9,90575,0,0,0,0
ภาคกลาง,สุพรรณบุรี,รวม,321,2642,76,11158,148,5730,1808,469,14,60571,10,863
ภาคกลาง,สุพรรณบุรี,รัฐบาล,286,2965,74,11459,135,6281,1705,497,14,60571,11,1632
ภาคกลาง,สุพรรณบุรี,องค์กรอิสระ,0,0,0,0,0,0,0,0,0,0,0,0
ภาคกลาง,สุพรรณบุรี,เอกชน,35,24228,1,847992,13,65230,98,8653,0,0,1,100
ภาคกลาง,สุพรรณบุรี,องค์การบริหารส่วนท้องถิ่น,0,0,1,847992,0,0,5,169598,0,0,0,0
ภาคกลาง,นครปฐม,รวม,527,1718,101,8962,178,5085,1973,459,44,20571,16,2169
ภาคกลาง,นครปฐม,รัฐบาล,444,2039,99,9143,157,5765,1716,527,32,28285,11,1643
ภาคกลาง,นครปฐม,องค์กรอิสระ,0,0,0,0,0,0,0,0,0,0,0,0
ภาคกลาง,นครปฐม,เอกชน,81,11174,0,0,21,43101,247,3664,12,75427,4,427
ภาคกลาง,นครปฐม,องค์การบริหารส่วนท้องถิ่น,2,452563,2,452563,0,0,10,90513,0,0,0,0
ภาคกลาง,สมุทรสาคร,รวม,505,1069,84,6429,174,3104,1759,307,12,45005,16,1790
ภาคกลาง,สมุทรสาคร,รัฐบาล,178,3034,50,10801,87,6208,876,617,10,54006,3,907
ภาคกลาง,สมุทรสาคร,องค์กรอิสระ,140,3858,25,21602,30,18002,285,1895,1,540062,0,0
ภาคกลาง,สมุทรสาคร,เอกชน,187,2888,8,67508,57,9475,589,917,0,0,5,384
ภาคกลาง,สมุทรสาคร,องค์การบริหารส่วนท้องถิ่น,0,0,1,540062,0,0,9,60007,1,540062,0,0
ภาคกลาง,สมุทรสงคราม,รวม,71,2706,28,6862,41,4686,502,383,9,21349,9,1639
ภาคกลาง,สมุทรสงคราม,รัฐบาล,67,2868,28,6862,40,4803,467,411,8,24017,3,437
ภาคกลาง,สมุทรสงคราม,องค์กรอิสระ,0,0,0,0,0,0,0,0,0,0,1,324
ภาคกลาง,สมุทรสงคราม,เอกชน,4,48035,0,0,1,192138,31,6198,0,0,6,572
ภาคกลาง,สมุทรสงคราม,องค์การบริหารส่วนท้องถิ่น,0,0,0,0,0,0,4,48035,1,192138,0,0
ภาคกลาง,เพชรบุรี,รวม,171,2803,53,9043,86,5573,1098,437,35,13694,4,459
ภาคกลาง,เพชรบุรี,รัฐบาล,154,3112,51,9398,79,6067,1034,464,34,14096,8,753
ภาคกลาง,เพชรบุรี,องค์กรอิสระ,0,0,0,0,0,0,0,0,0,0,0,0
ภาคกลาง,เพชรบุรี,เอกชน,17,28193,1,479280,6,79880,51,9398,0,0,1,28
ภาคกลาง,เพชรบุรี,องค์การบริหารส่วนท้องถิ่น,0,0,1,479280,1,479280,13,36868,1,479280,0,0
ภาคกลาง,ประจวบคีรีขันธ์,รวม,223,2397,70,7637,99,5400,1019,525,51,10482,13,2243
ภาคกลาง,ประจวบคีรีขันธ์,รัฐบาล,220,2430,67,7979,95,5627,969,552,18,29699,9,1080
ภาคกลาง,ประจวบคีรีขันธ์,องค์กรอิสระ,1,534589,1,534589,0,0,13,41122,0,0,0,0
ภาคกลาง,ประจวบคีรีขันธ์,เอกชน,2,267295,1,534589,4,133647,29,18434,33,16200,0,0
ภาคกลาง,ประจวบคีรีขันธ์,องค์การบริหารส่วนท้องถิ่น,0,0,1,534589,0,0,8,66824,0,0,0,0
ภาคเหนือ,เชียงใหม่,รวม,1362,1190,330,4909,517,3134,5935,273,29,55866,10,901
ภาคเหนือ,เชียงใหม่,รัฐบาล,1009,1606,297,5455,364,4451,4658,348,24,67504,24,2354
ภาคเหนือ,เชียงใหม่,องค์กรอิสระ,0,0,0,0,0,0,0,0,0,0,0,0
ภาคเหนือ,เชียงใหม่,เอกชน,345,4696,25,64804,148,10947,1226,1321,4,405025,2,120
ภาคเหนือ,เชียงใหม่,องค์การบริหารส่วนท้องถิ่น,8,202513,8,202513,5,324020,51,31767,1,1620100,0,0
ภาคเหนือ,ลำพูน,รวม,196,2058,48,8403,93,4337,961,420,3,134443,11,850
ภาคเหนือ,ลำพูน,รัฐบาล,168,2401,45,8963,81,4979,872,463,3,134443,9,707
ภาคเหนือ,ลำพูน,องค์กรอิสระ,0,0,0,0,0,0,0,0,0,0,0,0
ภาคเหนือ,ลำพูน,เอกชน,26,15513,2,201665,10,40333,82,4919,0,0,2,159
ภาคเหนือ,ลำพูน,องค์การบริหารส่วนท้องถิ่น,2,201665,1,403330,2,201665,7,57619,0,0,0,0
ภาคเหนือ,ลำปาง,รวม,438,1694,70,10601,147,5048,1990,373,20,37104,17,1587
ภาคเหนือ,ลำปาง,รัฐบาล,411,1806,68,10913,136,5456,1897,391,14,53006,14,1298
ภาคเหนือ,ลำปาง,องค์กรอิสระ,0,0,0,0,0,0,0,0,0,0,0,0
ภาคเหนือ,ลำปาง,เอกชน,25,29683,0,0,10,74208,70,10601,0,0,2,113
ภาคเหนือ,ลำปาง,องค์การบริหารส่วนท้องถิ่น,0,0,0,0,0,0,3,247359,1,742078,0,0
ภาคเหนือ,อุตรดิตถ์,รวม,210,2168,63,7226,88,5173,1160,392,27,16860,10,937
ภาคเหนือ,อุตรดิตถ์,รัฐบาล,210,2168,62,7342,88,5173,1155,394,26,17508,10,944
ภาคเหนือ,อุตรดิตถ์,องค์กรอิสระ,0,0,0,0,0,0,0,0,0,0,0,0
ภาคเหนือ,อุตรดิตถ์,เอกชน,0,0,0,0,0,0,0,0,0,0,0,0
ภาคเหนือ,อุตรดิตถ์,องค์การบริหารส่วนท้องถิ่น,0,0,1,455211,0,0,5,91042,1,455211,0,0
ภาคเหนือ,แพร่,รวม,180,2476,48,9287,93,4793,1120,398,12,37147,8,872
ภาคเหนือ,แพร่,รัฐบาล,169,2638,48,9287,88,5066,1085,411,12,37147,9,790
ภาคเหนือ,แพร่,องค์กรอิสระ,0,0,0,0,0,0,0,0,0,0,0,0
ภาคเหนือ,แพร่,เอกชน,11,40524,0,0,5,89153,31,14380,0,0,0,0
ภาคเหนือ,แพร่,องค์การบริหารส่วนท้องถิ่น,0,0,0,0,0,0,4,111442,0,0,0,0
ภาคเหนือ,น่าน,รวม,212,2253,76,6285,103,4637,1252,382,3,159216,50,6273
ภาคเหนือ,น่าน,รัฐบาล,212,2253,76,6285,103,4637,1245,384,3,159216,21,2319
ภาคเหนือ,น่าน,องค์กรอิสระ,0,0,0,0,0,0,0,0,0,0,0,0
ภาคเหนือ,น่าน,เอกชน,0,0,0,0,0,0,0,0,0,0,15,1642
ภาคเหนือ,น่าน,องค์การบริหารส่วนท้องถิ่น,0,0,0,0,0,0,7,68235,0,0,0,0
ภาคเหนือ,พะเยา,รวม,211,2246,68,6969,101,4692,1193,397,14,33851,16,1059
ภาคเหนือ,พะเยา,รัฐบาล,192,2468,67,7073,95,4989,1114,425,14,33851,10,922
ภาคเหนือ,พะเยา,องค์กรอิสระ,0,0,0,0,0,0,0,0,0,0,0,0
ภาคเหนือ,พะเยา,เอกชน,17,27877,1,473909,6,78985,75,6319,0,0,0,0
ภาคเหนือ,พะเยา,องค์การบริหารส่วนท้องถิ่น,2,236955,0,0,0,0,4,118477,0,0,0,0
ภาคเหนือ,เชียงราย,รวม,563,2079,138,8480,203,5765,2533,462,28,41794,21,1929
ภาคเหนือ,เชียงราย,รัฐบาล,508,2304,134,8733,177,6611,2221,527,26,45009,19,1666
ภาคเหนือ,เชียงราย,องค์กรอิสระ,0,0,0,0,0,0,0,0,0,0,0,0
ภาคเหนือ,เชียงราย,เอกชน,55,21277,4,292558,26,45009,302,3875,2,585116,2,212
ภาคเหนือ,เชียงราย,องค์การบริหารส่วนท้องถิ่น,0,0,0,0,0,0,10,117023,0,0,0,0
ภาคเหนือ,แม่ฮ่องสอน,รวม,90,2638,35,6784,47,5052,517,459,10,23744,8,507
ภาคเหนือ,แม่ฮ่องสอน,รัฐบาล,90,2638,35,6784,47,5052,517,459,10,23744,7,454
ภาคเหนือ,แม่ฮ่องสอน,องค์กรอิสระ,0,0,0,0,0,0,0,0,0,0,0,0
ภาคเหนือ,แม่ฮ่องสอน,เอกชน,0,0,0,0,0,0,0,0,0,0,0,0
ภาคเหนือ,แม่ฮ่องสอน,องค์การบริหารส่วนท้องถิ่น,0,0,0,0,0,0,0,0,0,0,0,0
ภาคเหนือ,นครสวรรค์,รวม,500,2125,101,10522,189,5623,1911,556,127,8368,16,1143
ภาคเหนือ,นครสวรรค์,รัฐบาล,450,2362,100,10627,166,6402,1768,601,25,42508,14,1378
ภาคเหนือ,นครสวรรค์,องค์กรอิสระ,0,0,0,0,0,0,0,0,0,0,0,0
ภาคเหนือ,นครสวรรค์,เอกชน,50,21254,1,1062699,23,46204,136,7814,101,10522,4,213
ภาคเหนือ,นครสวรรค์,องค์การบริหารส่วนท้องถิ่น,0,0,0,0,0,0,7,151814,1,1062699,0,0
ภาคเหนือ,อุทัยธานี,รวม,126,2613,45,7316,65,5065,691,476,15,21947,8,720
ภาคเหนือ,อุทัยธานี,รัฐบาล,126,2613,45,7316,65,5065,689,478,15,21947,8,720
ภาคเหนือ,อุทัยธานี,องค์กรอิสระ,0,0,0,0,0,0,0,0,0,0,0,0
ภาคเหนือ,อุทัยธานี,เอกชน,0,0,0,0,0,0,0,0,0,0,0,0
ภาคเหนือ,อุทัยธานี,องค์การบริหารส่วนท้องถิ่น,0,0,0,0,0,0,2,164603,0,0,0,0
ภาคเหนือ,กำแพงเพชร,รวม,200,3635,65,11185,99,7343,1136,640,11,66090,9,627
ภาคเหนือ,กำแพงเพชร,รัฐบาล,196,3709,65,11185,97,7495,1105,658,11,66090,12,960
ภาคเหนือ,กำแพงเพชร,องค์กรอิสระ,0,0,0,0,0,0,0,0,0,0,0,0
ภาคเหนือ,กำแพงเพชร,เอกชน,4,181749,0,0,2,363497,11,66090,0,0,1,59
ภาคเหนือ,กำแพงเพชร,องค์การบริหารส่วนท้องถิ่น,0,0,0,0,0,0,20,36350,0,0,0,0
ภาคเหนือ,ตาก,รวม,221,2433,65,8272,105,5121,1160,464,19,28300,13,1298
ภาคเหนือ,ตาก,รัฐบาล,209,2573,65,8272,99,5431,1115,482,14,38407,11,1156
ภาคเหนือ,ตาก,องค์กรอิสระ,0,0,0,0,0,0,0,0,0,0,0,0
ภาคเหนือ,ตาก,เอกชน,11,48882,0,0,5,107540,30,17923,3,179234,2,140
ภาคเหนือ,ตาก,องค์การบริหารส่วนท้องถิ่น,1,537702,0,0,1,537702,15,35847,2,268851,0,0
ภาคเหนือ,สุโขทัย,รวม,197,3034,55,10866,98,6098,1115,536,9,66404,12,1109
ภาคเหนือ,สุโขทัย,รัฐบาล,187,3196,55,10866,94,6358,1089,549,8,74705,9,986
ภาคเหนือ,สุโขทัย,องค์กรอิสระ,0,0,0,0,0,0,0,0,0,0,0,0
ภาคเหนือ,สุโขทัย,เอกชน,10,59764,0,0,4,149410,21,28459,1,597639,3,133
ภาคเหนือ,สุโขทัย,องค์การบริหารส่วนท้องถิ่น,0,0,0,0,0,0,5,119528,0,0,0,0
ภาคเหนือ,พิษณุโลก,รวม,796,1086,199,4345,216,4003,2544,340,28,30880,18,2483
ภาคเหนือ,พิษณุโลก,รัฐบาล,701,1233,192,4503,176,4913,2154,401,24,36027,12,2014
ภาคเหนือ,พิษณุโลก,องค์กรอิสระ,0,0,0,0,0,0,0,0,0,0,0,0
ภาคเหนือ,พิษณุโลก,เอกชน,94,9198,7,123521,40,21616,385,2246,4,216161,6,494
ภาคเหนือ,พิษณุโลก,องค์การบริหารส่วนท้องถิ่น,1,864644,0,0,0,0,5,172929,0,0,0,0
ภาคเหนือ,พิจิตร,รวม,239,2259,68,7941,101,5347,976,553,5,108004,21,1788
ภาคเหนือ,พิจิตร,รัฐบาล,212,2547,68,7941,90,6000,917,589,5,108004,14,986
ภาคเหนือ,พิจิตร,องค์กรอิสระ,0,0,0,0,0,0,0,0,0,0,0,0
ภาคเหนือ,พิจิตร,เอกชน,27,20001,0,0,11,49093,53,10189,0,0,3,310
ภาคเหนือ,พิจิตร,องค์การบริหารส่วนท้องถิ่น,0,0,0,0,0,0,6,90003,0,0,0,0
ภาคเหนือ,เพชรบูรณ์,รวม,267,3719,64,15516,133,7466,1496,664,20,49651,13,1348
ภาคเหนือ,เพชรบูรณ์,รัฐบาล,258,3849,63,15762,130,7639,1473,674,20,49651,12,1415
ภาคเหนือ,เพชรบูรณ์,องค์กรอิสระ,0,0,0,0,0,0,0,0,0,0,0,0
ภาคเหนือ,เพชรบูรณ์,เอกชน,9,110336,1,993024,3,331008,22,45137,0,0,1,10
ภาคเหนือ,เพชรบูรณ์,องค์การบริหารส่วนท้องถิ่น,0,0,0,0,0,0,1,993024,0,0,0,0
ภาคตะวันออกเฉียงเหนือ,นครราชสีมา,รวม,1180,2236,229,11523,433,6094,5358,492,41,64358,44,5028
ภาคตะวันออกเฉียงเหนือ,นครราชสีมา,รัฐบาล,1044,2527,219,12049,393,6714,4859,543,37,71316,36,4270
ภาคตะวันออกเฉียงเหนือ,นครราชสีมา,องค์กรอิสระ,0,0,0,0,0,0,0,0,0,0,0,0
ภาคตะวันออกเฉียงเหนือ,นครราชสีมา,เอกชน,130,20298,7,376955,38,69439,487,5418,0,0,7,723
ภาคตะวันออกเฉียงเหนือ,นครราชสีมา,องค์การบริหารส่วนท้องถิ่น,6,439781,3,879562,2,1319344,12,219891,4,659672,0,0
ภาคตะวันออกเฉียงเหนือ,บุรีรัมย์,รวม,465,3423,147,10827,224,7106,2587,615,16,99477,25,2686
ภาคตะวันออกเฉียงเหนือ,บุรีรัมย์,รัฐบาล,457,3483,147,10827,220,7235,2536,628,16,99477,24,2585
ภาคตะวันออกเฉียงเหนือ,บุรีรัมย์,องค์กรอิสระ,0,0,0,0,0,0,0,0,0,0,0,0
ภาคตะวันออกเฉียงเหนือ,บุรีรัมย์,เอกชน,7,227376,0,0,4,397908,43,37015,0,0,1,90
ภาคตะวันออกเฉียงเหนือ,บุรีรัมย์,องค์การบริหารส่วนท้องถิ่น,1,1591632,0,0,0,0,8,198954,0,0,0,0
ภาคตะวันออกเฉียงเหนือ,สุรินทร์,รวม,414,3373,160,8727,218,6405,2242,623,31,45042,20,2594
ภาคตะวันออกเฉียงเหนือ,สุรินทร์,รัฐบาล,402,3473,160,8727,213,6555,2171,643,31,45042,18,2322
ภาคตะวันออกเฉียงเหนือ,สุรินทร์,องค์กรอิสระ,0,0,0,0,0,0,0,0,0,0,0,0
ภาคตะวันออกเฉียงเหนือ,สุรินทร์,เอกชน,12,116357,0,0,5,279258,66,21156,0,0,2,158
ภาคตะวันออกเฉียงเหนือ,สุรินทร์,องค์การบริหารส่วนท้องถิ่น,0,0,0,0,0,0,5,279258,0,0,0,0
ภาคตะวันออกเฉียงเหนือ,ศรีสะเกษ,รวม,398,3697,103,14286,176,8360,2127,692,17,86555,21,1878
ภาคตะวันออกเฉียงเหนือ,ศรีสะเกษ,รัฐบาล,392,3754,103,14286,175,8408,2095,702,16,91965,22,2000
ภาคตะวันออกเฉียงเหนือ,ศรีสะเกษ,องค์กรอิสระ,0,0,0,0,0,0,0,0,0,0,0,0
ภาคตะวันออกเฉียงเหนือ,ศรีสะเกษ,เอกชน,5,294287,0,0,1,1471434,23,63975,1,1471434,1,44
ภาคตะวันออกเฉียงเหนือ,ศรีสะเกษ,องค์การบริหารส่วนท้องถิ่น,1,1471434,0,0,0,0,9,163493,0,0,0,0
ภาคตะวันออกเฉียงเหนือ,อุบลราชธานี,รวม,788,2366,220,8475,349,5343,4157,449,142,13131,7,541
ภาคตะวันออกเฉียงเหนือ,อุบลราชธานี,รัฐบาล,764,2441,217,8592,338,5516,4089,456,136,13710,26,2880
ภาคตะวันออกเฉียงเหนือ,อุบลราชธานี,องค์กรอิสระ,0,0,0,0,0,0,0,0,0,0,0,0
ภาคตะวันออกเฉียงเหนือ,อุบลราชธานี,เอกชน,22,84752,3,621515,11,169504,51,36560,6,310757,0,0
ภาคตะวันออกเฉียงเหนือ,อุบลราชธานี,องค์การบริหารส่วนท้องถิ่น,2,932272,0,0,0,0,17,109679,0,0,0,0
ภาคตะวันออกเฉียงเหนือ,ยโสธร,รวม,142,3795,48,11226,90,5987,953,565,8,67355,11,780
ภาคตะวันออกเฉียงเหนือ,ยโสธร,รัฐบาล,136,3962,48,11226,86,6266,918,587,7,76977,9,695
ภาคตะวันออกเฉียงเหนือ,ยโสธร,องค์กรอิสระ,0,0,0,0,0,0,0,0,0,0,0,0
ภาคตะวันออกเฉียงเหนือ,ยโสธร,เอกชน,6,89806,0,0,4,134709,35,15395,1,538837,2,110
ภาคตะวันออกเฉียงเหนือ,ยโสธร,องค์การบริหารส่วนท้องถิ่น,0,0,0,0,0,0,0,0,0,0,0,0
ภาคตะวันออกเฉียงเหนือ,ชัยภูมิ,รวม,315,3613,115,9896,153,7439,1686,675,11,103463,18,1700
ภาคตะวันออกเฉียงเหนือ,ชัยภูมิ,รัฐบาล,305,3731,114,9983,146,7795,1646,691,10,113809,16,1641
ภาคตะวันออกเฉียงเหนือ,ชัยภูมิ,องค์กรอิสระ,0,0,0,0,0,0,0,0,0,0,0,0
ภาคตะวันออกเฉียงเหนือ,ชัยภูมิ,เอกชน,7,162584,0,0,3,379364,26,43773,0,0,2,61
ภาคตะวันออกเฉียงเหนือ,ชัยภูมิ,องค์การบริหารส่วนท้องถิ่น,3,379364,1,1138091,4,284523,14,81292,1,1138091,0,0
ภาคตะวันออกเฉียงเหนือ,อำนาจเจริญ,รวม,103,3666,28,13485,57,6624,648,583,8,47198,35,3872
ภาคตะวันออกเฉียงเหนือ,อำนาจเจริญ,รัฐบาล,103,3666,28,13485,57,6624,645,585,8,47198,9,790
ภาคตะวันออกเฉียงเหนือ,อำนาจเจริญ,องค์กรอิสระ,0,0,0,0,0,0,0,0,0,0,0,0
ภาคตะวันออกเฉียงเหนือ,อำนาจเจริญ,เอกชน,0,0,0,0,0,0,0,0,0,0,4,309
ภาคตะวันออกเฉียงเหนือ,อำนาจเจริญ,องค์การบริหารส่วนท้องถิ่น,0,0,0,0,0,0,3,125860,0,0,0,0
ภาคตะวันออกเฉียงเหนือ,บึงกาฬ,รวม,89,4751,32,13214,55,7688,631,670,1,422859,13,886
ภาคตะวันออกเฉียงเหนือ,บึงกาฬ,รัฐบาล,89,4751,32,13214,55,7688,631,670,1,422859,8,564
ภาคตะวันออกเฉียงเหนือ,บึงกาฬ,องค์กรอิสระ,0,0,0,0,0,0,0,0,0,0,0,0
ภาคตะวันออกเฉียงเหนือ,บึงกาฬ,เอกชน,0,0,0,0,0,0,0,0,0,0,0,0
ภาคตะวันออกเฉียงเหนือ,บึงกาฬ,องค์การบริหารส่วนท้องถิ่น,0,0,0,0,0,0,0,0,0,0,0,0
ภาคตะวันออกเฉียงเหนือ,หนองบัวลำภู,รวม,103,4965,50,10228,65,7868,673,760,7,73058,19,1990
ภาคตะวันออกเฉียงเหนือ,หนองบัวลำภู,รัฐบาล,101,5063,49,10437,63,8118,672,761,6,85235,7,649
ภาคตะวันออกเฉียงเหนือ,หนองบัวลำภู,องค์กรอิสระ,0,0,0,0,0,0,0,0,0,0,0,0
ภาคตะวันออกเฉียงเหนือ,หนองบัวลำภู,เอกชน,2,255704,1,511407,2,255704,1,511407,1,511407,0,0
ภาคตะวันออกเฉียงเหนือ,หนองบัวลำภู,องค์การบริหารส่วนท้องถิ่น,0,0,0,0,0,0,0,0,0,0,0,0
ภาคตะวันออกเฉียงเหนือ,ขอนแก่น,รวม,1567,1151,194,9293,357,5050,5563,324,734,2456,35,4487
ภาคตะวันออกเฉียงเหนือ,ขอนแก่น,รัฐบาล,1491,1209,189,9539,322,5599,5119,352,731,2466,30,3710
ภาคตะวันออกเฉียงเหนือ,ขอนแก่น,องค์กรอิสระ,0,0,0,0,0,0,0,0,0,0,0,0
ภาคตะวันออกเฉียงเหนือ,ขอนแก่น,เอกชน,68,26513,3,600960,32,56340,431,4183,0,0,2,302
ภาคตะวันออกเฉียงเหนือ,ขอนแก่น,องค์การบริหารส่วนท้องถิ่น,8,225360,2,901440,3,600960,13,138683,3,600960,0,0
ภาคตะวันออกเฉียงเหนือ,อุดรธานี,รวม,570,2769,117,13491,234,6745,2737,577,52,30354,12,980
ภาคตะวันออกเฉียงเหนือ,อุดรธานี,รัฐบาล,505,3126,107,14751,207,7625,2586,610,49,32212,21,2171
ภาคตะวันออกเฉียงเหนือ,อุดรธานี,องค์กรอิสระ,0,0,0,0,0,0,0,0,0,0,0,0
ภาคตะวันออกเฉียงเหนือ,อุดรธานี,เอกชน,61,25875,7,225486,16,98650,113,13968,2,789202,3,200
ภาคตะวันออกเฉียงเหนือ,อุดรธานี,องค์การบริหารส่วนท้องถิ่น,4,394601,3,526134,11,143491,38,41537,1,1578403,0,0
ภาคตะวันออกเฉียงเหนือ,เลย,รวม,192,3324,63,10131,104,6137,1262,506,17,37544,8,586
ภาคตะวันออกเฉียงเหนือ,เลย,รัฐบาล,179,3566,63,10131,104,6137,1262,506,17,37544,14,1074
ภาคตะวันออกเฉียงเหนือ,เลย,องค์กรอิสระ,0,0,0,0,0,0,0,0,0,0,0,0
ภาคตะวันออกเฉียงเหนือ,เลย,เอกชน,13,49096,0,0,0,0,0,0,0,0,0,0
ภาคตะวันออกเฉียงเหนือ,เลย,องค์การบริหารส่วนท้องถิ่น,0,0,0,0,0,0,0,0,0,0,0,0
ภาคตะวันออกเฉียงเหนือ,หนองคาย,รวม,189,2737,49,10558,85,6086,989,523,7,73906,14,915
ภาคตะวันออกเฉียงเหนือ,หนองคาย,รัฐบาล,177,2923,47,11007,79,6549,949,545,7,73906,9,781
ภาคตะวันออกเฉียงเหนือ,หนองคาย,องค์กรอิสระ,0,0,0,0,0,0,0,0,0,0,0,0
ภาคตะวันออกเฉียงเหนือ,หนองคาย,เอกชน,12,43112,2,258672,6,86224,36,14371,0,0,0,0
ภาคตะวันออกเฉียงเหนือ,หนองคาย,องค์การบริหารส่วนท้องถิ่น,0,0,0,0,0,0,4,129336,0,0,0,0
ภาคตะวันออกเฉียงเหนือ,มหาสารคาม,รวม,311,3095,83,11596,130,7404,1665,578,6,160412,15,1424
ภาคตะวันออกเฉียงเหนือ,มหาสารคาม,รัฐบาล,308,3125,83,11596,128,7519,1645,585,6,160412,14,1317
ภาคตะวันออกเฉียงเหนือ,มหาสารคาม,องค์กรอิสระ,0,0,0,0,0,0,0,0,0,0,0,0
ภาคตะวันออกเฉียงเหนือ,มหาสารคาม,เอกชน,3,320824,0,0,2,481237,15,64165,0,0,1,50
ภาคตะวันออกเฉียงเหนือ,มหาสารคาม,องค์การบริหารส่วนท้องถิ่น,0,0,0,0,0,0,5,192495,0,0,0,0
ภาคตะวันออกเฉียงเหนือ,ร้อยเอ็ด,รวม,380,3438,109,11987,184,7101,2195,595,11,118775,22,1875
ภาคตะวันออกเฉียงเหนือ,ร้อยเอ็ด,รัฐบาล,357,3660,108,12098,174,7509,2111,619,7,186647,21,1826
ภาคตะวันออกเฉียงเหนือ,ร้อยเอ็ด,องค์กรอิสระ,0,0,0,0,0,0,0,0,0,0,0,0
ภาคตะวันออกเฉียงเหนือ,ร้อยเอ็ด,เอกชน,19,68765,1,1306530,8,163316,77,16968,3,435510,1,101
ภาคตะวันออกเฉียงเหนือ,ร้อยเอ็ด,องค์การบริหารส่วนท้องถิ่น,4,326633,0,0,2,653265,7,186647,1,1306530,0,0
ภาคตะวันออกเฉียงเหนือ,กาฬสินธุ์,รวม,264,3731,71,13872,147,6700,1763,559,23,42822,18,1538
ภาคตะวันออกเฉียงเหนือ,กาฬสินธุ์,รัฐบาล,258,3817,69,14274,146,6746,1746,564,11,89536,18,1456
ภาคตะวันออกเฉียงเหนือ,กาฬสินธุ์,องค์กรอิสระ,0,0,0,0,0,0,0,0,0,0,0,0
ภาคตะวันออกเฉียงเหนือ,กาฬสินธุ์,เอกชน,4,246225,1,984901,1,984901,12,82075,12,82075,0,0
ภาคตะวันออกเฉียงเหนือ,กาฬสินธุ์,องค์การบริหารส่วนท้องถิ่น,2,492451,1,984901,0,0,5,196980,0,0,0,0
ภาคตะวันออกเฉียงเหนือ,สกลนคร,รวม,323,3560,81,14197,165,6969,2008,573,5,229989,29,2918
ภาคตะวันออกเฉียงเหนือ,สกลนคร,รัฐบาล,319,3605,81,14197,165,6969,1995,576,5,229989,20,2193
ภาคตะวันออกเฉียงเหนือ,สกลนคร,องค์กรอิสระ,0,0,0,0,0,0,0,0,0,0,0,0
ภาคตะวันออกเฉียงเหนือ,สกลนคร,เอกชน,4,287486,0,0,0,0,7,164278,0,0,4,342
ภาคตะวันออกเฉียงเหนือ,สกลนคร,องค์การบริหารส่วนท้องถิ่น,0,0,0,0,0,0,6,191657,0,0,0,0
ภาคตะวันออกเฉียงเหนือ,นครพนม,รวม,174,4119,69,10388,106,6762,1181,607,6,119464,7,576
ภาคตะวันออกเฉียงเหนือ,นครพนม,รัฐบาล,173,4143,69,10388,105,6826,1178,608,6,119464,12,880
ภาคตะวันออกเฉียงเหนือ,นครพนม,องค์กรอิสระ,0,0,0,0,0,0,0,0,0,0,0,0
ภาคตะวันออกเฉียงเหนือ,นครพนม,เอกชน,0,0,0,0,0,0,0,0,0,0,1,30
ภาคตะวันออกเฉียงเหนือ,นครพนม,องค์การบริหารส่วนท้องถิ่น,1,716782,0,0,1,716782,3,238927,0,0,0,0
ภาคตะวันออกเฉียงเหนือ,มุกดาหาร,รวม,108,3234,39,8956,61,5726,760,460,3,116422,8,543
ภาคตะวันออกเฉียงเหนือ,มุกดาหาร,รัฐบาล,103,3391,39,8956,55,6350,725,482,3,116422,7,481
ภาคตะวันออกเฉียงเหนือ,มุกดาหาร,องค์กรอิสระ,0,0,0,0,0,0,0,0,0,0,0,0
ภาคตะวันออกเฉียงเหนือ,มุกดาหาร,เอกชน,5,69853,0,0,6,58211,35,9979,0,0,1,60
ภาคตะวันออกเฉียงเหนือ,มุกดาหาร,องค์การบริหารส่วนท้องถิ่น,0,0,0,0,0,0,0,0,0,0,0,0
ภาคใต้,นครศรีธรรมราช,รวม,560,2779,166,9374,274,5679,2817,552,32,48627,13,1099
ภาคใต้,นครศรีธรรมราช,รัฐบาล,512,3039,164,9488,247,6300,2578,604,30,51869,24,2305
ภาคใต้,นครศรีธรรมราช,องค์กรอิสระ,0,0,0,0,0,0,8,194509,0,0,0,0
ภาคใต้,นครศรีธรรมราช,เอกชน,34,45767,0,0,19,81899,147,10586,2,778038,1,100
ภาคใต้,นครศรีธรรมราช,องค์การบริหารส่วนท้องถิ่น,14,111148,2,778038,8,194509,84,18525,0,0,0,0
ภาคใต้,กระบี่,รวม,133,3533,60,7831,81,5801,862,545,7,67121,10,624
ภาคใต้,กระบี่,รัฐบาล,131,3587,59,7964,74,6349,808,581,6,78308,10,726
ภาคใต้,กระบี่,องค์กรอิสระ,0,0,0,0,0,0,0,0,0,0,0,0
ภาคใต้,กระบี่,เอกชน,2,234924,1,469847,7,67121,51,9213,1,469847,0,0
ภาคใต้,กระบี่,องค์การบริหารส่วนท้องถิ่น,0,0,0,0,0,0,3,156616,0,0,0,0
ภาคใต้,พังงา,รวม,112,2356,49,5386,66,3999,725,364,34,7762,8,1248
ภาคใต้,พังงา,รัฐบาล,112,2356,49,5386,66,3999,723,365,34,7762,10,743
ภาคใต้,พังงา,องค์กรอิสระ,0,0,0,0,0,0,0,0,0,0,0,0
ภาคใต้,พังงา,เอกชน,0,0,0,0,0,0,0,0,0,0,4,448
ภาคใต้,พังงา,องค์การบริหารส่วนท้องถิ่น,0,0,0,0,0,0,2,131960,0,0,0,0
ภาคใต้,ภูเก็ต,รวม,439,901,68,5815,143,2765,1543,256,17,23260,7,402
ภาคใต้,ภูเก็ต,รัฐบาล,253,1563,50,7908,88,4493,885,447,14,28245,4,686
ภาคใต้,ภูเก็ต,องค์กรอิสระ,0,0,0,0,0,0,0,0,0,0,0,0
ภาคใต้,ภูเก็ต,เอกชน,186,2126,18,21968,55,7190,642,616,3,131808,2,10
ภาคใต้,ภูเก็ต,องค์การบริหารส่วนท้องถิ่น,0,0,0,0,0,0,16,24714,0,0,0,0
ภาคใต้,สุราษฎร์ธานี,รวม,577,1827,132,7984,275,3833,2710,389,125,8432,31,2895
ภาคใต้,สุราษฎร์ธานี,รัฐบาล,469,2247,127,8299,235,4485,2386,442,122,8639,23,2014
ภาคใต้,สุราษฎร์ธานี,องค์กรอิสระ,0,0,0,0,0,0,0,0,0,0,0,0
ภาคใต้,สุราษฎร์ธานี,เอกชน,102,10333,4,263486,37,28485,305,3456,2,526972,3,266
ภาคใต้,สุราษฎร์ธานี,องค์การบริหารส่วนท้องถิ่น,6,175657,1,1053944,3,351315,19,55471,1,1053944,1,46
ภาคใต้,ระนอง,รวม,67,2642,35,5057,43,4116,469,377,4,44250,34,2830
ภาคใต้,ระนอง,รัฐบาล,64,2766,35,5057,39,4538,455,389,4,44250,7,471
ภาคใต้,ระนอง,องค์กรอิสระ,0,0,0,0,0,0,0,0,0,0,0,0
ภาคใต้,ระนอง,เอกชน,3,59000,0,0,4,44250,8,22125,0,0,9,479
ภาคใต้,ระนอง,องค์การบริหารส่วนท้องถิ่น,0,0,0,0,0,0,6,29500,0,0,0,0
ภาคใต้,ชุมพร,รวม,187,2706,57,8877,97,5216,1093,463,13,38923,11,747
ภาคใต้,ชุมพร,รัฐบาล,170,2976,57,8877,86,5884,1022,495,9,56222,11,909
ภาคใต้,ชุมพร,องค์กรอิสระ,0,0,0,0,0,0,0,0,0,0,0,0
ภาคใต้,ชุมพร,เอกชน,17,29764,0,0,11,45999,64,7906,3,168665,2,125
ภาคใต้,ชุมพร,องค์การบริหารส่วนท้องถิ่น,0,0,0,0,0,0,7,72285,1,505994,0,0
ภาคใต้,สงขลา,รวม,1176,1206,244,5815,289,4909,4824,294,48,29558,24,3167
ภาคใต้,สงขลา,รัฐบาล,1037,1368,230,6169,238,5961,4260,333,45,31529,22,2804
ภาคใต้,สงขลา,องค์กรอิสระ,0,0,0,0,0,0,0,0,0,0,0,0
ภาคใต้,สงขลา,เอกชน,136,10432,10,141879,50,28376,501,2832,2,709396,0,0
ภาคใต้,สงขลา,องค์การบริหารส่วนท้องถิ่น,3,472931,4,354698,1,1418792,63,22521,1,1418792,0,0
ภาคใต้,สตูล,รวม,94,3406,43,7445,60,5336,776,413,6,53356,7,400
ภาคใต้,สตูล,รัฐบาล,94,3406,43,7445,60,5336,776,413,6,53356,7,421
ภาคใต้,สตูล,องค์กรอิสระ,0,0,0,0,0,0,0,0,0,0,0,0
ภาคใต้,สตูล,เอกชน,0,0,0,0,0,0,0,0,0,0,0,0
ภาคใต้,สตูล,องค์การบริหารส่วนท้องถิ่น,0,0,0,0,0,0,0,0,0,0,0,0
ภาคใต้,ตรัง,รวม,299,2146,102,6292,158,4062,1523,421,14,45840,14,1200
ภาคใต้,ตรัง,รัฐบาล,256,2507,101,6354,142,4519,1318,487,14,45840,11,1022
ภาคใต้,ตรัง,องค์กรอิสระ,0,0,0,0,0,0,0,0,0,0,0,0
ภาคใต้,ตรัง,เอกชน,43,14925,1,641755,15,42784,184,3488,0,0,0,0
ภาคใต้,ตรัง,องค์การบริหารส่วนท้องถิ่น,0,0,0,0,1,641755,21,30560,0,0,0,0
ภาคใต้,พัทลุง,รวม,143,3669,78,6726,106,4949,1124,467,11,47693,13,1296
ภาคใต้,พัทลุง,รัฐบาล,140,3747,78,6726,105,4996,1115,471,11,47693,11,805
ภาคใต้,พัทลุง,องค์กรอิสระ,0,0,0,0,0,0,0,0,0,0,0,0
ภาคใต้,พัทลุง,เอกชน,3,174873,0,0,1,524618,9,58291,0,0,2,270
ภาคใต้,พัทลุง,องค์การบริหารส่วนท้องถิ่น,0,0,0,0,0,0,0,0,0,0,0,0
ภาคใต้,ปัตตานี,รวม,200,3562,73,9758,106,6720,1854,384,3,237437,12,855
ภาคใต้,ปัตตานี,รัฐบาล,200,3562,73,9758,106,6720,1846,386,3,237437,12,1037
ภาคใต้,ปัตตานี,องค์กรอิสระ,0,0,0,0,0,0,0,0,0,0,0,0
ภาคใต้,ปัตตานี,เอกชน,0,0,0,0,0,0,0,0,0,0,1,50
ภาคใต้,ปัตตานี,องค์การบริหารส่วนท้องถิ่น,0,0,0,0,0,0,8,89039,0,0,0,0
ภาคใต้,ยะลา,รวม,207,2552,56,9435,94,5621,1691,312,28,18870,10,1098
ภาคใต้,ยะลา,รัฐบาล,197,2682,56,9435,86,6144,1614,327,28,18870,8,959
ภาคใต้,ยะลา,องค์กรอิสระ,0,0,0,0,0,0,0,0,0,0,0,0
ภาคใต้,ยะลา,เอกชน,10,52835,0,0,8,66044,60,8806,0,0,1,60
ภาคใต้,ยะลา,องค์การบริหารส่วนท้องถิ่น,0,0,0,0,0,0,17,31079,0,0,0,0
ภาคใต้,นราธิวาส,รวม,235,3396,59,13527,117,6821,2013,396,5,159620,14,1169
ภาคใต้,นราธิวาส,รัฐบาล,235,3396,59,13527,117,6821,2005,398,5,159620,14,1222
ภาคใต้,นราธิวาส,องค์กรอิสระ,0,0,0,0,0,0,0,0,0,0,0,0
ภาคใต้,นราธิวาส,เอกชน,0,0,0,0,0,0,0,0,0,0,0,0
ภาคใต้,นราธิวาส,องค์การบริหารส่วนท้องถิ่น,0,0,0,0,0,0,8,99762,0,0,0,0
